"Fice Code",Institution,Category,"Applied (Total Texas)","Accept (Total Texas)","% Accepted of Total Texas Applied","Texas Enrolled","% Enrolled of Total Texas Accepted","Accepted Texas (Top 10)","% Enrolled of Texas Top 10 Accepted","Accepted Texas (11-25)","% Enrolled of Texas Top 11-25 Accepted","% Applied to 2 or more Texas Insts"
003541,Angelo State University,Total,"4,492","3,541",78.8%,"1,356",38.3%,417,34.5%,791,38.7%,62.1%
003541,Angelo State University,White,"1,275","1,046",82.0%,555,53.1%,139,53.2%,269,53.5%,55.2%
003541,Angelo State University,African American,509,378,74.3%,130,34.4%,31,25.8%,66,31.8%,71.3%
003541,Angelo State University,Hispanic,"2,492","1,960",78.7%,616,31.4%,229,24.5%,433,30.7%,64.2%
003541,Angelo State University,Asian,62,43,69.4%,19,44.2%,12,*,*,*,72.6%
003541,Angelo State University,International,52,28,53.8%,*,*,*,*,*,*,42.3%
003541,Angelo State University,Other,102,86,84.3%,36,41.9%,*,*,15,33.3%,54.9%
003541,Angelo State University,Male,"1,890","1,475",78.0%,632,42.8%,137,34.3%,287,48.1%,58.5%
003541,Angelo State University,Female,"2,602","2,066",79.4%,724,35.0%,280,34.6%,504,33.3%,64.8%
003565,Texas A&M University-Commerce,Total,"7,138","6,604",92.5%,"1,179",17.9%,730,16.7%,"1,125",18.3%,56.4%
003565,Texas A&M University-Commerce,White,"1,389","1,318",94.9%,314,23.8%,178,31.5%,235,31.1%,43.8%
003565,Texas A&M University-Commerce,African American,"2,060","1,888",91.7%,471,24.9%,113,11.5%,267,19.1%,60.9%
003565,Texas A&M University-Commerce,Hispanic,"2,636","2,424",92.0%,280,11.6%,324,12.7%,445,13.3%,62.5%
003565,Texas A&M University-Commerce,Asian,211,195,92.4%,17,8.7%,29,*,28,*,56.9%
003565,Texas A&M University-Commerce,International,217,202,93.1%,*,*,20,0.0%,38,*,29.5%
003565,Texas A&M University-Commerce,Other,625,577,92.3%,97,16.8%,66,15.2%,112,19.6%,52.8%
003565,Texas A&M University-Commerce,Male,"2,852","2,591",90.8%,511,19.7%,209,13.4%,386,18.4%,54.3%
003565,Texas A&M University-Commerce,Female,"4,286","4,013",93.6%,668,16.6%,521,18.0%,739,18.3%,57.8%
003581,Lamar University,Total,"7,054","6,018",85.3%,"1,427",23.7%,585,24.6%,"1,054",24.2%,64.0%
003581,Lamar University,White,"1,088","1,038",95.4%,453,43.6%,123,52.0%,188,52.7%,44.3%
003581,Lamar University,African American,"2,540","2,127",83.7%,521,24.5%,138,18.1%,357,17.9%,70.0%
003581,Lamar University,Hispanic,"2,934","2,423",82.6%,352,14.5%,272,15.8%,431,17.2%,69.0%
003581,Lamar University,Asian,150,144,96.0%,61,42.4%,23,43.5%,26,38.5%,61.3%
003581,Lamar University,International,163,138,84.7%,*,*,16,*,26,*,32.5%
003581,Lamar University,Other,179,148,82.7%,*,*,13,*,26,26.9%,48.0%
003581,Lamar University,Male,"2,810","2,282",81.2%,590,25.9%,170,27.1%,328,28.4%,61.4%
003581,Lamar University,Female,"4,244","3,736",88.0%,837,22.4%,415,23.6%,726,22.3%,65.7%
003592,Midwestern State University,Total,"5,320","4,030",75.8%,740,18.4%,480,18.8%,796,20.0%,69.5%
003592,Midwestern State University,White,997,766,76.8%,287,37.5%,113,41.6%,180,39.4%,52.1%
003592,Midwestern State University,African American,"1,159",822,70.9%,145,17.6%,71,8.5%,154,11.7%,80.2%
003592,Midwestern State University,Hispanic,"2,521","1,951",77.4%,211,10.8%,243,9.5%,391,12.8%,75.7%
003592,Midwestern State University,Asian,111,78,70.3%,16,20.5%,*,*,15,40.0%,78.4%
003592,Midwestern State University,International,125,101,80.8%,*,*,*,*,14,*,23.2%
003592,Midwestern State University,Other,407,312,76.7%,81,26.0%,32,31.3%,42,33.3%,54.3%
003592,Midwestern State University,Male,"1,906","1,444",75.8%,287,19.9%,126,26.2%,230,22.6%,65.0%
003592,Midwestern State University,Female,"3,414","2,586",75.7%,453,17.5%,354,16.1%,566,18.9%,71.9%
003594,University of North Texas,Total,"33,170","26,998",81.4%,"6,336",23.5%,315,15.6%,334,15.9%,63.7%
003594,University of North Texas,White,"7,170","6,195",86.4%,"1,959",31.6%,17,*,14,*,56.1%
003594,University of North Texas,African American,"6,668","5,215",78.2%,"1,458",28.0%,40,17.5%,52,21.2%,70.0%
003594,University of North Texas,Hispanic,"14,434","11,388",78.9%,"2,149",18.9%,224,14.3%,251,15.9%,66.6%
003594,University of North Texas,Asian,"3,161","2,846",90.0%,498,17.5%,21,23.8%,13,*,67.6%
003594,University of North Texas,International,549,438,79.8%,75,17.1%,*,*,*,*,23.3%
003594,University of North Texas,Other,"1,188",916,77.1%,197,21.5%,*,*,*,*,47.5%
003594,University of North Texas,Male,"14,147","11,277",79.7%,"2,826",25.1%,82,17.1%,115,19.1%,61.0%
003594,University of North Texas,Female,"19,023","15,721",82.6%,"3,510",22.3%,233,15.0%,219,14.2%,65.7%
003599,The University of Texas Rio Grande Valley,Total,"13,371","11,322",84.7%,"5,557",49.1%,"2,266",45.5%,"2,812",48.4%,55.7%
003599,The University of Texas Rio Grande Valley,White,234,207,88.5%,75,36.2%,24,29.2%,45,28.9%,56.0%
003599,The University of Texas Rio Grande Valley,African American,160,129,80.6%,23,17.8%,26,19.2%,31,19.4%,73.8%
003599,The University of Texas Rio Grande Valley,Hispanic,"12,562","10,644",84.7%,"5,308",49.9%,"2,161",46.3%,"2,666",49.5%,56.0%
003599,The University of Texas Rio Grande Valley,Asian,146,124,84.9%,67,54.0%,32,43.8%,*,41.7%,61.0%
003599,The University of Texas Rio Grande Valley,International,24,24,100.0%,22,91.7%,*,*,*,*,4.2%
003599,The University of Texas Rio Grande Valley,Other,245,194,79.2%,62,32.0%,23,26.1%,45,26.7%,28.2%
003599,The University of Texas Rio Grande Valley,Male,"5,508","4,525",82.2%,"2,371",52.4%,704,47.4%,"1,018",51.7%,49.5%
003599,The University of Texas Rio Grande Valley,Female,"7,863","6,797",86.4%,"3,186",46.9%,"1,562",44.7%,"1,794",46.5%,60.0%
003606,Sam Houston State University,Total,"17,304","14,805",85.6%,"3,542",23.9%,"2,067",16.9%,"3,353",20.7%,71.9%
003606,Sam Houston State University,White,"4,537","4,218",93.0%,"1,370",32.5%,487,32.2%,"1,051",30.3%,61.7%
003606,Sam Houston State University,African American,"3,964","3,186",80.4%,940,29.5%,347,17.9%,629,20.2%,78.7%
003606,Sam Houston State University,Hispanic,"7,624","6,359",83.4%,"1,092",17.2%,"1,067",10.8%,"1,485",14.9%,75.3%
003606,Sam Houston State University,Asian,409,376,91.9%,*,*,64,9.4%,78,14.1%,80.9%
003606,Sam Houston State University,International,390,337,86.4%,*,*,61,0.0%,50,0.0%,61.0%
003606,Sam Houston State University,Other,380,329,86.6%,90,27.4%,41,24.4%,60,25.0%,58.7%
003606,Sam Houston State University,Male,"5,999","4,946",82.4%,"1,272",25.7%,445,15.5%,929,22.4%,69.4%
003606,Sam Houston State University,Female,"11,305","9,859",87.2%,"2,270",23.0%,"1,622",17.3%,"2,424",20.0%,73.3%
003615,Texas State University,Total,"30,172","27,112",89.9%,"7,649",28.2%,"4,034",22.4%,"8,352",26.1%,78.3%
003615,Texas State University,White,"9,050","8,387",92.7%,"2,772",33.1%,952,28.8%,"2,639",30.9%,70.6%
003615,Texas State University,African American,"4,068","3,495",85.9%,"1,029",29.4%,395,21.3%,960,25.2%,83.7%
003615,Texas State University,Hispanic,"14,478","12,913",89.2%,"3,408",26.4%,"2,324",20.7%,"4,004",24.7%,82.7%
003615,Texas State University,Asian,"1,284","1,175",91.5%,208,17.7%,198,16.7%,406,17.2%,85.1%
003615,Texas State University,International,414,350,84.5%,5,1.4%,60,0.0%,95,0.0%,27.5%
003615,Texas State University,Other,878,792,90.2%,227,28.7%,105,27.6%,248,27.0%,72.4%
003615,Texas State University,Male,"10,928","9,480",86.7%,"2,822",29.8%,"1,003",23.1%,"2,524",26.4%,75.1%
003615,Texas State University,Female,"19,244","17,632",91.6%,"4,827",27.4%,"3,031",22.1%,"5,828",26.0%,80.1%
003624,Stephen F. Austin State University,Total,"11,158","9,892",88.7%,"1,805",18.2%,"1,431",16.4%,"2,211",19.6%,72.2%
003624,Stephen F. Austin State University,White,"3,352","3,059",91.3%,886,29.0%,432,31.0%,737,32.2%,67.5%
003624,Stephen F. Austin State University,African American,"2,102","1,628",77.5%,246,15.1%,209,11.0%,373,12.3%,78.6%
003624,Stephen F. Austin State University,Hispanic,"4,779","4,364",91.3%,583,13.4%,665,9.9%,965,14.4%,74.8%
003624,Stephen F. Austin State University,Asian,209,200,95.7%,*,*,34,*,32,*,81.3%
003624,Stephen F. Austin State University,International,292,269,92.1%,*,*,38,*,48,*,42.1%
003624,Stephen F. Austin State University,Other,424,372,87.7%,66,17.7%,53,13.2%,56,16.1%,63.2%
003624,Stephen F. Austin State University,Male,"4,019","3,463",86.2%,708,20.4%,354,18.1%,654,23.2%,69.4%
003624,Stephen F. Austin State University,Female,"7,139","6,429",90.1%,"1,097",17.1%,"1,077",15.8%,"1,557",18.0%,73.7%
003625,Sul Ross State University,Total,"1,049","1,003",95.6%,213,21.2%,73,12.3%,110,25.5%,57.3%
003625,Sul Ross State University,White,159,153,96.2%,54,35.3%,*,*,27,37.0%,57.9%
003625,Sul Ross State University,African American,157,151,96.2%,38,25.2%,*,*,10,*,61.1%
003625,Sul Ross State University,Hispanic,622,593,95.3%,117,19.7%,45,15.6%,66,21.2%,58.8%
003625,Sul Ross State University,Asian,6,5,83.3%,*,*,*,*,*,*,66.7%
003625,Sul Ross State University,International,18,17,94.4%,*,*,*,*,*,*,16.7%
003625,Sul Ross State University,Other,87,84,96.6%,*,*,8,*,*,*,46.0%
003625,Sul Ross State University,Male,582,560,96.2%,142,25.4%,26,*,43,30.2%,55.8%
003625,Sul Ross State University,Female,467,443,94.9%,71,16.0%,47,17.0%,67,22.4%,59.1%
003630,Prairie View A&M University,Total,"7,090","5,270",74.3%,"1,715",32.5%,587,20.4%,"1,134",28.1%,71.5%
003630,Prairie View A&M University,White,76,73,96.1%,21,28.8%,8,(,13,53.8%,63.2%
003630,Prairie View A&M University,African American,"5,370","3,911",72.8%,"1,530",39.1%,431,25.8%,845,32.9%,73.3%
003630,Prairie View A&M University,Hispanic,"1,187",883,74.4%,122,13.8%,128,5.5%,191,14.7%,78.6%
003630,Prairie View A&M University,Asian,61,55,90.2%,12,21.8%,9,*,8,*,65.6%
003630,Prairie View A&M University,Other,396,348,87.9%,30,8.6%,11,*,77,*,28.3%
003630,Prairie View A&M University,Male,"2,483","1,768",71.2%,544,30.8%,135,20.7%,331,21.1%,68.7%
003630,Prairie View A&M University,Female,"4,607","3,502",76.0%,"1,171",33.4%,452,20.4%,803,31.0%,73.0%
003631,Tarleton State University,Total,"8,507","7,001",82.3%,"2,548",36.4%,"1,014",29.7%,"1,866",35.5%,59.7%
003631,Tarleton State University,White,"4,408","3,719",84.4%,"1,717",46.2%,507,41.4%,991,42.9%,54.2%
003631,Tarleton State University,African American,828,627,75.7%,130,20.7%,80,18.8%,146,20.5%,72.1%
003631,Tarleton State University,Hispanic,"2,812","2,284",81.2%,601,26.3%,377,17.2%,640,28.4%,66.2%
003631,Tarleton State University,Asian,141,113,80.1%,*,*,21,28.6%,18,*,56.7%
003631,Tarleton State University,International,111,83,74.8%,*,*,12,0.0%,23,0.0%,45.0%
003631,Tarleton State University,Other,207,175,84.5%,73,41.7%,17,29.4%,48,43.8%,49.3%
003631,Tarleton State University,Male,"3,122","2,465",79.0%,946,38.4%,262,31.7%,543,35.7%,55.2%
003631,Tarleton State University,Female,"5,385","4,536",84.2%,"1,602",35.3%,752,29.0%,"1,323",35.4%,62.3%
003632,Texas A&M University,Total,"39,614","25,127",63.4%,"12,059",48.0%,"13,597",44.6%,"4,537",70.1%,76.3%
003632,Texas A&M University,White,"15,387","10,054",65.3%,"5,906",58.7%,"5,032",58.7%,"1,971",77.2%,64.1%
003632,Texas A&M University,African American,"2,163","1,048",48.5%,379,36.2%,555,33.5%,177,54.8%,88.6%
003632,Texas A&M University,Hispanic,"12,476","7,213",57.8%,"3,302",45.8%,"4,381",42.9%,"1,236",63.8%,85.7%
003632,Texas A&M University,Asian,"7,402","5,494",74.2%,"2,001",36.4%,"2,976",28.3%,949,69.0%,88.3%
003632,Texas A&M University,International,654,327,50.0%,18,5.5%,178,5.1%,46,*,23.1%
003632,Texas A&M University,Other,"1,532",991,64.7%,453,45.7%,475,42.3%,158,73.4%,69.8%
003632,Texas A&M University,Male,"18,450","11,493",62.3%,"5,879",51.2%,"5,910",47.3%,"2,097",74.3%,74.3%
003632,Texas A&M University,Female,"21,164","13,634",64.4%,"6,180",45.3%,"7,687",42.6%,"2,440",66.5%,78.1%
003639,Texas A&M University-Kingsville,Total,"7,769","7,022",90.4%,"1,187",16.9%,"1,076",14.2%,"1,587",17.5%,58.8%
003639,Texas A&M University-Kingsville,White,667,614,92.1%,167,27.2%,65,27.7%,142,34.5%,51.9%
003639,Texas A&M University-Kingsville,African American,362,302,83.4%,57,18.9%,24,*,51,17.6%,67.7%
003639,Texas A&M University-Kingsville,Hispanic,"6,433","5,814",90.4%,954,16.4%,951,13.8%,"1,344",16.2%,60.6%
003639,Texas A&M University-Kingsville,Asian,90,86,95.6%,*,*,15,*,13,*,41.1%
003639,Texas A&M University-Kingsville,International,108,99,91.7%,*,*,15,0.0%,18,*,15.7%
003639,Texas A&M University-Kingsville,Other,109,107,98.2%,6,5.6%,6,0.0%,19,*,24.8%
003639,Texas A&M University-Kingsville,Male,"3,509","3,082",87.8%,616,20.0%,354,18.4%,601,22.6%,54.9%
003639,Texas A&M University-Kingsville,Female,"4,260","3,940",92.5%,571,14.5%,722,12.2%,986,14.4%,62.1%
003642,Texas Southern University,Total,"6,462","6,033",93.4%,"1,293",21.4%,163,14.7%,256,19.1%,74.3%
003642,Texas Southern University,White,*,*,*,7,12.7%,*,*,*,*,78.6%
003642,Texas Southern University,African American,"4,524","4,201",92.9%,"1,170",27.9%,112,18.8%,195,22.6%,72.5%
003642,Texas Southern University,Hispanic,"1,729","1,629",94.2%,99,6.1%,46,*,52,*,79.9%
003642,Texas Southern University,Asian,74,73,98.6%,*,*,*,*,*,*,67.6%
003642,Texas Southern University,International,*,*,*,*,*,*,*,*,*,0.0%
003642,Texas Southern University,Other,75,72,96.0%,*,*,*,*,*,*,66.7%
003642,Texas Southern University,Male,"2,282","2,119",92.9%,465,21.9%,43,16.3%,74,18.9%,72.0%
003642,Texas Southern University,Female,"4,180","3,914",93.6%,828,21.2%,120,14.2%,182,19.2%,75.6%
003644,Texas Tech University,Total,"29,345","18,579",63.3%,"6,573",35.4%,"5,447",29.0%,"5,265",34.0%,73.5%
003644,Texas Tech University,White,"10,465","7,728",73.8%,"3,368",43.6%,"2,272",38.4%,"2,227",42.2%,66.1%
003644,Texas Tech University,African American,"3,391","1,713",50.5%,521,30.4%,388,22.2%,449,27.6%,80.3%
003644,Texas Tech University,Hispanic,"11,419","6,650",58.2%,"2,121",31.9%,"1,875",25.0%,"1,906",30.3%,78.8%
003644,Texas Tech University,Asian,"1,942","1,371",70.6%,253,18.5%,562,15.8%,390,16.4%,84.1%
003644,Texas Tech University,International,952,366,38.4%,22,6.0%,121,4.1%,99,7.1%,53.4%
003644,Texas Tech University,Other,"1,176",751,63.9%,288,38.3%,229,26.6%,194,40.7%,66.4%
003644,Texas Tech University,Male,"13,358","8,531",63.9%,"3,085",36.2%,"2,173",29.6%,"2,349",32.9%,71.1%
003644,Texas Tech University,Female,"15,987","10,048",62.9%,"3,488",34.7%,"3,274",28.6%,"2,916",34.9%,75.5%
003646,Texas Woman's University,Total,"7,713","7,228",93.7%,"1,403",19.4%,"1,197",18.0%,"1,424",19.5%,70.2%
003646,Texas Woman's University,White,932,891,95.6%,302,33.9%,139,35.3%,185,33.5%,62.2%
003646,Texas Woman's University,African American,"1,537","1,388",90.3%,302,21.8%,173,22.5%,254,18.9%,76.1%
003646,Texas Woman's University,Hispanic,"4,545","4,286",94.3%,664,15.5%,752,13.7%,869,16.9%,71.3%
003646,Texas Woman's University,Asian,449,429,95.5%,92,21.4%,99,19.2%,81,22.2%,70.4%
003646,Texas Woman's University,International,25,23,92.0%,*,*,*,0.0%,*,0.0%,12.0%
003646,Texas Woman's University,Other,225,211,93.8%,*,*,34,17.6%,35,*,45.8%
003646,Texas Woman's University,Male,612,548,89.5%,106,19.3%,72,18.1%,92,20.7%,67.3%
003646,Texas Woman's University,Female,"7,101","6,680",94.1%,"1,297",19.4%,"1,125",18.0%,"1,332",19.4%,70.4%
003652,University of Houston,Total,"25,885","18,346",70.9%,"5,281",28.8%,"5,515",25.0%,"5,178",30.2%,75.4%
003652,University of Houston,White,"3,675","2,923",79.5%,816,27.9%,605,25.3%,773,29.1%,70.9%
003652,University of Houston,African American,"4,727","2,709",57.3%,800,29.5%,709,22.4%,858,29.8%,78.2%
003652,University of Houston,Hispanic,"11,286","7,469",66.2%,"2,051",27.5%,"2,599",25.2%,"2,208",27.8%,78.4%
003652,University of Houston,Asian,"4,928","4,243",86.1%,"1,405",33.1%,"1,353",27.1%,"1,096",37.9%,73.2%
003652,University of Houston,International,318,236,74.2%,*,*,57,*,50,*,38.1%
003652,University of Houston,Other,951,766,80.5%,209,27.3%,192,22.9%,193,29.0%,68.0%
003652,University of Houston,Male,"11,206","7,724",68.9%,"2,360",30.6%,"1,959",26.3%,"2,082",30.7%,73.4%
003652,University of Houston,Female,"14,679","10,622",72.4%,"2,921",27.5%,"3,556",24.2%,"3,096",29.9%,77.0%
003656,The University of Texas at Arlington,Total,"20,725","16,842",81.3%,"4,876",29.0%,"3,371",32.6%,"3,935",32.7%,67.0%
003656,The University of Texas at Arlington,White,"2,883","2,575",89.3%,832,32.3%,496,36.1%,595,38.0%,65.2%
003656,The University of Texas at Arlington,African American,"3,696","2,707",73.2%,731,27.0%,396,22.2%,650,30.5%,73.6%
003656,The University of Texas at Arlington,Hispanic,"10,087","7,989",79.2%,"2,333",29.2%,"1,692",32.2%,"2,028",30.2%,68.3%
003656,The University of Texas at Arlington,Asian,"2,865","2,594",90.5%,812,31.3%,635,40.3%,488,41.4%,69.6%
003656,The University of Texas at Arlington,International,648,530,81.8%,53,10.0%,67,7.5%,88,15.9%,14.7%
003656,The University of Texas at Arlington,Other,546,447,81.9%,115,25.7%,85,31.8%,86,40.7%,54.8%
003656,The University of Texas at Arlington,Male,"8,463","6,706",79.2%,"2,168",32.3%,"1,159",36.6%,"1,458",37.2%,64.4%
003656,The University of Texas at Arlington,Female,"12,262","10,136",82.7%,"2,708",26.7%,"2,212",30.5%,"2,477",30.0%,68.8%
003658,The University of Texas at Austin,Total,"37,351","15,907",42.6%,"8,147",51.2%,"12,412",47.9%,"1,107",70.6%,76.0%
003658,The University of Texas at Austin,White,"10,177","4,377",43.0%,"2,261",51.7%,"3,225",47.0%,264,69.3%,65.6%
003658,The University of Texas at Austin,African American,"3,231","1,137",35.2%,542,47.7%,822,43.7%,135,60.0%,79.2%
003658,The University of Texas at Austin,Hispanic,"13,188","5,491",41.6%,"2,521",45.9%,"4,430",41.8%,472,70.1%,82.7%
003658,The University of Texas at Austin,Asian,"8,941","4,133",46.2%,"2,409",58.3%,"3,365",57.5%,185,81.1%,79.2%
003658,The University of Texas at Austin,International,*,*,*,*,*,*,*,*,0.0%,100.0%
003658,The University of Texas at Austin,Other,*,*,*,414,53.8%,570,49.1%,51,72.5%,65.6%
003658,The University of Texas at Austin,Male,"16,127","6,313",39.1%,"3,253",51.5%,"4,917",48.1%,389,72.8%,76.2%
003658,The University of Texas at Austin,Female,"21,224","9,594",45.2%,"4,894",51.0%,"7,495",47.7%,718,69.5%,75.9%
003661,The University of Texas at El Paso,Total,"10,585","10,582",100.0%,"3,617",34.2%,"1,533",36.7%,"2,106",36.0%,21.7%
003661,The University of Texas at El Paso,White,299,299,100.0%,77,25.8%,55,18.2%,79,30.4%,35.5%
003661,The University of Texas at El Paso,African American,200,200,100.0%,50,25.0%,28,21.4%,47,23.4%,41.5%
003661,The University of Texas at El Paso,Hispanic,"9,577","9,574",100.0%,"3,358",35.1%,"1,346",39.1%,"1,898",36.9%,20.8%
003661,The University of Texas at El Paso,Asian,98,98,100.0%,21,21.4%,40,*,15,33.3%,50.0%
003661,The University of Texas at El Paso,International,81,81,100.0%,7,8.6%,9,*,10,*,1.2%
003661,The University of Texas at El Paso,Other,330,330,100.0%,104,31.5%,55,30.9%,57,29.8%,21.2%
003661,The University of Texas at El Paso,Male,"4,906","4,903",99.9%,"1,721",35.1%,515,41.2%,784,40.7%,18.2%
003661,The University of Texas at El Paso,Female,"5,679","5,679",100.0%,"1,896",33.4%,"1,018",34.4%,"1,322",33.2%,24.8%
003665,West Texas A&M University,Total,"4,486","4,228",94.2%,"1,032",24.4%,"1,379",17.3%,893,28.1%,45.1%
003665,West Texas A&M University,White,684,665,97.2%,513,77.1%,242,56.6%,140,93.6%,25.0%
003665,West Texas A&M University,African American,82,79,96.3%,52,65.8%,23,26.1%,10,90.0%,23.2%
003665,West Texas A&M University,Hispanic,533,522,97.9%,388,74.3%,167,47.9%,113,82.3%,25.9%
003665,West Texas A&M University,Asian,12,*,*,*,*,*,*,*,*,33.3%
003665,West Texas A&M University,International,8,*,*,*,*,*,*,*,*,0.0%
003665,West Texas A&M University,Other,"3,167","2,946",93.0%,71,2.4%,939,1.4%,628,2.5%,53.4%
003665,West Texas A&M University,Male,"1,844","1,738",94.3%,445,25.6%,531,16.6%,325,31.7%,40.4%
003665,West Texas A&M University,Female,"2,642","2,490",94.2%,587,23.6%,848,17.7%,568,26.1%,48.3%
009651,Texas A&M International University,Total,"3,999","3,519",88.0%,"1,338",38.0%,826,36.3%,"1,166",34.6%,51.9%
009651,Texas A&M International University,White,119,109,91.6%,16,14.7%,12,*,42,*,39.5%
009651,Texas A&M International University,African American,87,77,88.5%,7,9.1%,13,0.0%,25,*,69.0%
009651,Texas A&M International University,Hispanic,"3,700","3,254",87.9%,"1,305",40.1%,785,37.6%,"1,073",37.0%,52.1%
009651,Texas A&M International University,Asian,50,47,94.0%,7,14.9%,11,*,12,*,46.0%
009651,Texas A&M International University,International,7,*,*,*,*,*,0.0%,*,*,0.0%
009651,Texas A&M International University,Other,36,*,*,*,*,5,0.0%,*,*,44.4%
009651,Texas A&M International University,Male,"1,538","1,321",85.9%,591,44.7%,243,37.0%,383,41.3%,44.0%
009651,Texas A&M International University,Female,"2,461","2,198",89.3%,747,34.0%,583,36.0%,783,31.4%,56.8%
009741,The University of Texas at Dallas,Total,"21,988","15,409",70.1%,"3,810",24.7%,"4,798",19.8%,"3,087",24.4%,78.5%
009741,The University of Texas at Dallas,White,"3,687","2,659",72.1%,688,25.9%,711,25.3%,550,23.8%,75.4%
009741,The University of Texas at Dallas,African American,"2,389","1,328",55.6%,269,20.3%,351,17.9%,343,23.9%,81.5%
009741,The University of Texas at Dallas,Hispanic,"6,713","3,935",58.6%,681,17.3%,"1,245",16.3%,"1,003",19.6%,79.7%
009741,The University of Texas at Dallas,Asian,"7,207","6,000",83.3%,"1,802",30.0%,"2,125",20.8%,957,30.5%,84.3%
009741,The University of Texas at Dallas,International,663,490,73.9%,138,28.2%,92,17.4%,66,24.2%,31.4%
009741,The University of Texas at Dallas,Other,"1,329",997,75.0%,232,23.3%,274,16.1%,168,21.4%,67.6%
009741,The University of Texas at Dallas,Male,"10,900","7,464",68.5%,"2,100",28.1%,"2,221",22.0%,"1,449",29.4%,77.1%
009741,The University of Texas at Dallas,Female,"11,088","7,945",71.7%,"1,710",21.5%,"2,577",17.8%,"1,638",20.0%,79.9%
009930,The University of Texas Permian Basin,Total,"1,486","1,270",85.5%,537,42.3%,166,46.4%,250,45.2%,49.3%
009930,The University of Texas Permian Basin,White,271,241,88.9%,101,41.9%,35,51.4%,50,42.0%,45.8%
009930,The University of Texas Permian Basin,African American,148,127,85.8%,37,29.1%,10,*,27,33.3%,63.5%
009930,The University of Texas Permian Basin,Hispanic,967,823,85.1%,358,43.5%,109,45.0%,156,47.4%,46.9%
009930,The University of Texas Permian Basin,Asian,*,*,*,21,55.3%,*,55.6%,6,*,61.7%
009930,The University of Texas Permian Basin,International,*,*,*,*,*,*,*,*,8.0%,*
009930,The University of Texas Permian Basin,Other,51,40,78.4%,20,50.0%,*,*,11,45.5%,60.8%
009930,The University of Texas Permian Basin,Male,664,554,83.4%,227,41.0%,52,36.5%,97,49.5%,49.5%
009930,The University of Texas Permian Basin,Female,822,716,87.1%,310,43.3%,114,50.9%,153,42.5%,49.0%
010115,The University of Texas at San Antonio,Total,"21,512","19,074",88.7%,"5,707",29.9%,"3,592",26.4%,"6,925",29.8%,80.2%
010115,The University of Texas at San Antonio,White,"3,398","3,109",91.5%,985,31.7%,434,32.7%,"1,201",26.9%,74.7%
010115,The University of Texas at San Antonio,African American,"2,283","1,917",84.0%,572,29.8%,263,23.6%,633,31.1%,81.5%
010115,The University of Texas at San Antonio,Hispanic,"13,289","11,705",88.1%,"3,526",30.1%,"2,457",26.2%,"4,199",31.6%,81.6%
010115,The University of Texas at San Antonio,Asian,"1,769","1,656",93.6%,453,27.4%,326,24.5%,646,25.7%,84.9%
010115,The University of Texas at San Antonio,International,121,116,95.9%,25,21.6%,12,*,44,15.9%,7.4%
010115,The University of Texas at San Antonio,Other,652,571,87.6%,146,25.6%,100,20.0%,202,23.3%,75.8%
010115,The University of Texas at San Antonio,Male,"9,162","7,900",86.2%,"2,562",32.4%,"1,229",28.0%,"2,673",32.2%,76.4%
010115,The University of Texas at San Antonio,Female,"12,350","11,174",90.5%,"3,145",28.1%,"2,363",25.6%,"4,252",28.3%,83.0%
010298,Texas A&M University at Galveston,Total,"1,899","1,882",99.1%,770,40.9%,116,56.0%,671,47.7%,76.1%
010298,Texas A&M University at Galveston,White,769,765,99.5%,376,49.2%,41,58.5%,284,56.0%,68.4%
010298,Texas A&M University at Galveston,African American,138,137,99.3%,46,33.6%,10,60.0%,53,37.7%,87.0%
010298,Texas A&M University at Galveston,Hispanic,598,588,98.3%,221,37.6%,50,62.0%,235,42.1%,81.4%
010298,Texas A&M University at Galveston,Asian,266,264,99.2%,92,34.8%,7,*,69,47.8%,90.2%
010298,Texas A&M University at Galveston,International,43,43,100.0%,*,*,*,*,9,*,16.3%
010298,Texas A&M University at Galveston,Other,85,85,100.0%,*,*,*,*,21,38.1%,76.5%
010298,Texas A&M University at Galveston,Male,"1,321","1,310",99.2%,567,43.3%,65,58.5%,440,53.0%,75.2%
010298,Texas A&M University at Galveston,Female,578,572,99.0%,203,35.5%,51,52.9%,231,37.7%,78.0%
011161,Texas A&M University-Corpus Christi,Total,"10,162","9,071",89.3%,"1,902",21.0%,"1,520",18.7%,"2,517",20.0%,75.2%
011161,Texas A&M University-Corpus Christi,White,"2,015","1,839",91.3%,587,31.9%,284,26.8%,566,31.8%,65.7%
011161,Texas A&M University-Corpus Christi,African American,653,564,86.4%,114,20.2%,66,18.2%,150,15.3%,78.3%
011161,Texas A&M University-Corpus Christi,Hispanic,"6,828","6,055",88.7%,"1,075",17.8%,"1,073",16.2%,"1,641",16.1%,79.7%
011161,Texas A&M University-Corpus Christi,Asian,282,261,92.6%,63,24.1%,42,28.6%,67,28.4%,66.0%
011161,Texas A&M University-Corpus Christi,International,132,115,87.1%,*,*,17,*,26,*,15.2%
011161,Texas A&M University-Corpus Christi,Other,252,237,94.0%,*,*,38,23.7%,67,23.9%,63.1%
011161,Texas A&M University-Corpus Christi,Male,"3,756","3,327",88.6%,780,23.4%,408,20.6%,859,23.4%,70.9%
011161,Texas A&M University-Corpus Christi,Female,"6,406","5,744",89.7%,"1,122",19.5%,"1,112",18.0%,"1,658",18.2%,77.8%
011163,The University of Texas at Tyler,Total,"5,396","4,934",91.4%,"1,281",26.0%,779,26.3%,"1,128",27.4%,61.0%
011163,The University of Texas at Tyler,White,"1,759","1,679",95.5%,606,36.1%,315,33.7%,418,37.8%,51.4%
011163,The University of Texas at Tyler,African American,989,854,86.3%,180,21.1%,84,17.9%,173,23.7%,70.6%
011163,The University of Texas at Tyler,Hispanic,"2,195","1,976",90.0%,382,19.3%,308,21.8%,474,19.6%,64.8%
011163,The University of Texas at Tyler,Asian,221,208,94.1%,*,*,38,18.4%,23,30.4%,68.8%
011163,The University of Texas at Tyler,International,10,10,100.0%,*,*,*,0.0%,*,0.0%,0.0%
011163,The University of Texas at Tyler,Other,222,207,93.2%,59,28.5%,34,29.4%,40,25.0%,52.7%
011163,The University of Texas at Tyler,Male,"1,940","1,727",89.0%,500,29.0%,224,31.3%,344,30.2%,59.0%
011163,The University of Texas at Tyler,Female,"3,456","3,207",92.8%,781,24.4%,555,24.3%,784,26.1%,62.2%
011711,University of Houston-Clear Lake,Total,"2,108","1,585",75.2%,423,26.7%,231,26.0%,351,23.4%,78.7%
011711,University of Houston-Clear Lake,White,260,226,86.9%,100,44.2%,25,40.0%,48,39.6%,58.1%
011711,University of Houston-Clear Lake,African American,305,200,65.6%,35,17.5%,17,*,38,*,83.3%
011711,University of Houston-Clear Lake,Hispanic,"1,351",993,73.5%,234,23.6%,162,25.9%,221,21.7%,81.9%
011711,University of Houston-Clear Lake,Asian,131,116,88.5%,38,32.8%,24,29.2%,28,35.7%,85.5%
011711,University of Houston-Clear Lake,Other,61,50,82.0%,16,32.0%,*,*,16,*,57.4%
011711,University of Houston-Clear Lake,Male,870,617,70.9%,182,29.5%,72,29.2%,116,25.9%,77.7%
011711,University of Houston-Clear Lake,Female,"1,238",968,78.2%,241,24.9%,159,24.5%,235,22.1%,79.3%
012826,University of Houston-Downtown,Total,"6,668","6,035",90.5%,"1,468",24.3%,538,15.1%,984,22.3%,81.5%
012826,University of Houston-Downtown,White,320,301,94.1%,73,24.3%,16,*,35,*,85.9%
012826,University of Houston-Downtown,African American,"1,067",947,88.8%,156,16.5%,63,17.5%,155,16.8%,86.2%
012826,University of Houston-Downtown,Hispanic,"4,457","4,005",89.9%,"1,082",27.0%,397,15.9%,671,25.0%,80.1%
012826,University of Houston-Downtown,Asian,519,504,97.1%,116,23.0%,37,*,64,20.3%,92.5%
012826,University of Houston-Downtown,International,123,111,90.2%,9,8.1%,14,*,23,*,64.2%
012826,University of Houston-Downtown,Other,182,167,91.8%,32,19.2%,11,*,36,16.7%,58.8%
012826,University of Houston-Downtown,Male,"2,749","2,421",88.1%,683,28.2%,147,19.0%,318,28.0%,80.2%
012826,University of Houston-Downtown,Female,"3,919","3,614",92.2%,785,21.7%,391,13.6%,666,19.5%,82.4%
013231,University of Houston-Victoria,Total,"1,706","1,427",83.6%,180,12.6%,123,12.2%,208,13.9%,72.6%
013231,University of Houston-Victoria,White,228,208,91.2%,46,22.1%,17,*,26,30.8%,53.9%
013231,University of Houston-Victoria,African American,255,220,86.3%,23,10.5%,18,*,25,*,75.3%
013231,University of Houston-Victoria,Hispanic,"1,021",821,80.4%,90,11.0%,81,8.6%,144,11.8%,75.0%
013231,University of Houston-Victoria,Asian,137,123,89.8%,12,9.8%,*,*,6,*,81.8%
013231,University of Houston-Victoria,International,15,13,86.7%,*,*,*,*,*,0.0%,73.3%
013231,University of Houston-Victoria,Other,50,42,84.0%,*,*,*,*,7,*,68.0%
013231,University of Houston-Victoria,Male,687,557,81.1%,77,13.8%,33,21.2%,69,20.3%,74.4%
013231,University of Houston-Victoria,Female,"1,019",870,85.4%,103,11.8%,90,8.9%,139,10.8%,71.3%
029269,Texas A&M University-Texarkana,Total,"1,404","1,146",81.6%,212,18.5%,86,16.3%,249,17.7%,44.7%
029269,Texas A&M University-Texarkana,White,381,314,82.4%,97,30.9%,21,42.9%,62,33.9%,27.8%
029269,Texas A&M University-Texarkana,African American,282,210,74.5%,48,22.9%,16,*,44,18.2%,59.6%
029269,Texas A&M University-Texarkana,Hispanic,577,480,83.2%,53,11.0%,42,*,122,10.7%,52.3%
029269,Texas A&M University-Texarkana,Asian,62,59,95.2%,*,*,*,*,8,0.0%,29.0%
029269,Texas A&M University-Texarkana,International,55,44,80.0%,*,*,*,*,8,0.0%,29.1%
029269,Texas A&M University-Texarkana,Other,47,39,83.0%,12,30.8%,*,*,5,*,38.3%
029269,Texas A&M University-Texarkana,Male,588,476,81.0%,83,17.4%,25,20.0%,82,13.4%,39.8%
029269,Texas A&M University-Texarkana,Female,816,670,82.1%,129,19.3%,61,14.8%,167,19.8%,48.3%
042295,Texas A&M University-Central Texas,Total,34,31,91.2%,23,74.2%,*,0.0%,*,0.0%,26.5%
042295,Texas A&M University-Central Texas,White,*,*,*,*,*,*,0.0%,*,0.0%,0.0%
042295,Texas A&M University-Central Texas,African American,7,7,100.0%,*,*,*,0.0%,*,0.0%,42.9%
042295,Texas A&M University-Central Texas,Hispanic,17,15,88.2%,13,86.7%,*,0.0%,*,0.0%,35.3%
042295,Texas A&M University-Central Texas,Asian,*,*,*,*,*,*,0.0%,*,0.0%,0.0%
042295,Texas A&M University-Central Texas,Other,*,*,*,*,*,*,0.0%,*,0.0%,0.0%
042295,Texas A&M University-Central Texas,Male,16,14,87.5%,10,71.4%,*,0.0%,*,0.0%,25.0%
042295,Texas A&M University-Central Texas,Female,18,17,94.4%,13,76.5%,*,0.0%,*,0.0%,27.8%
042421,University of North Texas at Dallas,Total,"4,000","3,641",91.0%,466,12.8%,426,15.7%,550,11.8%,73.4%
042421,University of North Texas at Dallas,White,166,135,81.3%,16,11.9%,18,*,16,*,60.2%
042421,University of North Texas at Dallas,African American,930,816,87.7%,140,17.2%,61,9.8%,102,14.7%,72.6%
042421,University of North Texas at Dallas,Hispanic,"2,636","2,470",93.7%,291,11.8%,317,17.0%,408,11.0%,75.2%
042421,University of North Texas at Dallas,Asian,112,99,88.4%,*,*,14,*,*,*,81.3%
042421,University of North Texas at Dallas,International,33,16,48.5%,*,*,*,*,*,*,39.4%
042421,University of North Texas at Dallas,Other,123,105,85.4%,9,8.6%,*,*,9,*,61.0%
042421,University of North Texas at Dallas,Male,"1,579","1,430",90.6%,183,12.8%,117,20.5%,188,12.8%,69.3%
042421,University of North Texas at Dallas,Female,"2,421","2,211",91.3%,283,12.8%,309,13.9%,362,11.3%,76.0%
042485,Texas A&M University-San Antonio,Total,"6,950","6,265",90.1%,894,14.3%,984,17.9%,"1,455",10.9%,58.7%
042485,Texas A&M University-San Antonio,White,538,495,92.0%,100,20.2%,60,38.3%,109,17.4%,53.2%
042485,Texas A&M University-San Antonio,African American,529,450,85.1%,66,14.7%,55,14.5%,92,14.1%,63.9%
042485,Texas A&M University-San Antonio,Hispanic,"5,353","4,843",90.5%,705,14.6%,796,17.8%,"1,146",10.7%,60.7%
042485,Texas A&M University-San Antonio,Asian,136,124,91.2%,7,5.6%,30,*,33,*,75.7%
042485,Texas A&M University-San Antonio,International,222,202,91.0%,*,0.0%,28,0.0%,47,*,13.1%
042485,Texas A&M University-San Antonio,Other,172,151,87.8%,16,10.6%,15,*,28,*,44.2%
042485,Texas A&M University-San Antonio,Male,"2,449","2,155",88.0%,339,15.7%,268,17.9%,426,12.0%,54.5%
042485,Texas A&M University-San Antonio,Female,"4,501","4,110",91.3%,555,13.5%,716,17.9%,"1,029",10.4%,61.0%
999999,Statewide,Total,"219,013","188,475",86.1%,"98,788",52.4%,"38,635",62.3%,"39,295",56.0%,41.6%
999999,Statewide,White,"55,203","47,954",86.9%,"28,596",59.6%,"11,233",67.1%,"10,545",63.1%,38.5%
999999,Statewide,African American,"29,339","24,469",83.4%,"13,006",53.2%,"2,755",54.9%,"4,089",54.5%,47.6%
999999,Statewide,Hispanic,"99,303","85,959",86.6%,"42,725",49.7%,"16,077",62.0%,"19,133",53.4%,41.7%
999999,Statewide,Asian,"19,663","17,408",88.5%,"10,692",61.4%,"5,977",69.9%,"3,221",67.8%,54.4%
999999,Statewide,International,"4,752","3,612",76.0%,402,11.1%,567,7.1%,620,9.4%,9.7%
999999,Statewide,Other,"10,753","9,073",84.4%,"3,367",37.1%,"2,026",40.8%,"1,687",40.2%,29.8%
999999,Statewide,Male,"94,618","79,621",84.1%,"42,731",53.7%,"14,524",64.7%,"15,112",58.7%,39.5%
999999,Statewide,Female,"124,395","108,854",87.5%,"56,057",51.5%,"24,111",60.8%,"24,183",54.4%,43.1%
